-- Airport Management System --

CREATE TABLE AIRPORT
(AP_NAME VARCHAR2(100) NOT NULL,
STATE VARCHAR2(15), 
COUNTRY VARCHAR(30),
CNAME VARCHAR2(15),
PRIMARY KEY(AP_NAME),
FOREIGN KEY(CNAME) REFERENCES CITY(CNAME) ON DELETE CASCADE);

--Insering values for Table: AIRPORT--

INSERT INTO AIRPORT (AP_NAME, STATE, COUNTRY, CNAME) VALUES('Louisville International Airport','Kentucky','United States','Louisville');
INSERT INTO AIRPORT (AP_NAME, STATE, COUNTRY, CNAME) VALUES('Chandigarh International Airport','Chandigarh','India','Chandigarh');
INSERT INTO AIRPORT (AP_NAME, STATE, COUNTRY, CNAME) VALUES('Dallas/Fort Worth International Airport','Texas','United States','Fort Worth');
INSERT INTO AIRPORT (AP_NAME, STATE, COUNTRY, CNAME) VALUES('Indira Gandhi International Airport','Delhi','India','Delhi');
INSERT INTO AIRPORT (AP_NAME, STATE, COUNTRY, CNAME) VALUES('Sardar VallabhbhaiPatel International Airport','Gujarat','India','Ahmedabad');
INSERT INTO AIRPORT (AP_NAME, STATE, COUNTRY, CNAME) VALUES('Vadodara Airport','Gujarat','India','Vadodara');
INSERT INTO AIRPORT (AP_NAME, STATE, COUNTRY, CNAME) VALUES('Dubai International Airport','Dubai','UAE','Dubai');
INSERT INTO AIRPORT (AP_NAME, STATE, COUNTRY, CNAME) VALUES('AbuDhabi International Airport','AbuDhabi','UAE','AbuDhabi');
INSERT INTO AIRPORT (AP_NAME, STATE, COUNTRY, CNAME) VALUES('Changi International Airport','Singapore','Singapore','Singapore');
INSERT INTO AIRPORT (AP_NAME, STATE, COUNTRY, CNAME) VALUES('Heathrow International Airport','London','United Kingdom','London');
INSERT INTO AIRPORT (AP_NAME, STATE, COUNTRY, CNAME) VALUES('Chhatrapati Shivaji International Airport','Maharashtra','India','Mumbai');
INSERT INTO AIRPORT (AP_NAME, STATE, COUNTRY, CNAME) VALUES('San Francisco International Airport','California', 'United States','San Francisco');
INSERT INTO AIRPORT (AP_NAME, STATE, COUNTRY, CNAME) VALUES('Frankfurt Airport','Hesse','Germany','Frankfurt');
INSERT INTO AIRPORT (AP_NAME, STATE, COUNTRY, CNAME) VALUES('George Bush Intercontinental Airport','Texas','United States','Houston');
INSERT INTO AIRPORT (AP_NAME, STATE, COUNTRY, CNAME) VALUES('John F. Kennedy International Airport','New York','United States','New York City');
INSERT INTO AIRPORT (AP_NAME, STATE, COUNTRY, CNAME) VALUES('Tampa International Airport','Florida', 'United States','Tampa');
INSERT INTO AIRPORT (AP_NAME, STATE, COUNTRY, CNAME) VALUES('Doha International Airport','Doha','Qatar','Doha');



CREATE TABLE AIRLINE
(AIRLINEID VARCHAR(3) NOT NULL,
AL_NAME VARCHAR2(50),
THREE_DIGIT_CODE VARCHAR(3),
PRIMARY KEY(AIRLINEID));

-- Insering values for Table: AIRLINE --

INSERT INTO AIRLINE (AIRLINEID, AL_NAME, THREE_DIGIT_CODE) VALUES('AA','American Airlines','001');
INSERT INTO AIRLINE (AIRLINEID, AL_NAME, THREE_DIGIT_CODE) VALUES('UK','Vistara','002')
INSERT INTO AIRLINE (AIRLINEID, AL_NAME, THREE_DIGIT_CODE) VALUES('AI','Air India Limited','003');
INSERT INTO AIRLINE (AIRLINEID, AL_NAME, THREE_DIGIT_CODE) VALUES('SQ','Singapore Airlines','004');
INSERT INTO AIRLINE (AIRLINEID, AL_NAME, THREE_DIGIT_CODE) VALUES('LH','Lufthansa','005');
INSERT INTO AIRLINE (AIRLINEID, AL_NAME, THREE_DIGIT_CODE) VALUES('BA','British Airways','006');
INSERT INTO AIRLINE (AIRLINEID, AL_NAME, THREE_DIGIT_CODE) VALUES('QR','Qatar Airways','007');
INSERT INTO AIRLINE (AIRLINEID, AL_NAME, THREE_DIGIT_CODE) VALUES('SJ','Spicejet','008');
INSERT INTO AIRLINE (AIRLINEID, AL_NAME, THREE_DIGIT_CODE) VALUES('6E','Indigo','009');
INSERT INTO AIRLINE (AIRLINEID, AL_NAME, THREE_DIGIT_CODE) VALUES('EK','Emirates','010');
INSERT INTO AIRLINE (AIRLINEID, AL_NAME, THREE_DIGIT_CODE) VALUES('EY','Etihad Airways','011');

CREATE TABLE CONTAINS
(AIRLINEID VARCHAR(3) NOT NULL,
AP_NAME VARCHAR2(100) NOT NULL,
PRIMARY KEY(AIRLINEID, AP_NAME),
FOREIGN KEY(AIRLINEID) REFERENCES AIRLINE(AIRLINEID) ON DELETE CASCADE,
FOREIGN KEY(AP_NAME) REFERENCES AIRPORT(AP_NAME) ON DELETE CASCADE);

-- Inserting values into Table: Contains--

INSERT INTO CONTAINS (AIRLINEID, AP_NAME) VALUES('AA','Louisville International Airport');
INSERT INTO CONTAINS (AIRLINEID, AP_NAME) VALUES('AA','George Bush Intercontinental Airport');
INSERT INTO CONTAINS (AIRLINEID, AP_NAME) VALUES('AA','Dallas/Fort Worth International Airport');
INSERT INTO CONTAINS (AIRLINEID, AP_NAME) VALUES('AA','Chhatrapati Shivaji International Airport');
INSERT INTO CONTAINS (AIRLINEID, AP_NAME) VALUES('AA','Indira Gandhi International Airport');

INSERT INTO CONTAINS (AIRLINEID, AP_NAME) VALUES('6E','Vadodara Airport');
INSERT INTO CONTAINS (AIRLINEID, AP_NAME) VALUES('6E','Sardar VallabhbhaiPatel International Airport');
INSERT INTO CONTAINS (AIRLINEID, AP_NAME) VALUES('6E','Chhatrapati Shivaji International Airport');
INSERT INTO CONTAINS (AIRLINEID, AP_NAME) VALUES('6E','Chandigarh International Airport');
INSERT INTO CONTAINS (AIRLINEID, AP_NAME) VALUES('6E','Indira Gandhi International Airport');

INSERT INTO CONTAINS (AIRLINEID, AP_NAME) VALUES('EK','Dubai International Airport');
INSERT INTO CONTAINS (AIRLINEID, AP_NAME) VALUES('EK','Chhatrapati Shivaji International Airport');
INSERT INTO CONTAINS (AIRLINEID, AP_NAME) VALUES('EK','Indira Gandhi International Airport');
INSERT INTO CONTAINS (AIRLINEID, AP_NAME) VALUES('EK','John F. Kennedy International Airport');

INSERT INTO CONTAINS (AIRLINEID, AP_NAME) VALUES('EY','AbuDhabi International Airport');
INSERT INTO CONTAINS (AIRLINEID, AP_NAME) VALUES('EY','Chhatrapati Shivaji International Airport');
INSERT INTO CONTAINS (AIRLINEID, AP_NAME) VALUES('EY','Sardar VallabhbhaiPatel International Airport');
INSERT INTO CONTAINS (AIRLINEID, AP_NAME) VALUES('EY','Tampa International Airport');

INSERT INTO CONTAINS (AIRLINEID, AP_NAME) VALUES('SJ','Chhatrapati Shivaji International');
INSERT INTO CONTAINS (AIRLINEID, AP_NAME) VALUES('SJ','Sardar VallabhbhaiPatel International Airport');
INSERT INTO CONTAINS (AIRLINEID, AP_NAME) VALUES('SJ','Indira Gandhi International Airport');
INSERT INTO CONTAINS (AIRLINEID, AP_NAME) VALUES('SJ','Chandigarh International Airport');

INSERT INTO CONTAINS (AIRLINEID, AP_NAME) VALUES('SQ','Sardar VallabhbhaiPatel International Airport');
INSERT INTO CONTAINS (AIRLINEID, AP_NAME) VALUES('SQ','Changi International Airport');
INSERT INTO CONTAINS (AIRLINEID, AP_NAME) VALUES('SQ','Dubai International Airport');

INSERT INTO CONTAINS (AIRLINEID, AP_NAME) VALUES('UK','Chhatrapati Shivaji International Airport');
INSERT INTO CONTAINS (AIRLINEID, AP_NAME) VALUES('UK','Indira Gandhi International Airport');
INSERT INTO CONTAINS (AIRLINEID, AP_NAME) VALUES('UK','Chandigarh International Airport');

INSERT INTO CONTAINS (AIRLINEID, AP_NAME) VALUES('AI','Indira Gandhi 	International Airport');
INSERT INTO CONTAINS (AIRLINEID, AP_NAME) VALUES('AI','San Francisco International Airport');
INSERT INTO CONTAINS (AIRLINEID, AP_NAME) VALUES('AI','Heathrow International Airport');

INSERT INTO CONTAINS (AIRLINEID, AP_NAME) VALUES('LH','Chhatrapati Shivaji International Airport');
INSERT INTO CONTAINS (AIRLINEID, AP_NAME) VALUES('LH','Frankfurt Airport');
INSERT INTO CONTAINS (AIRLINEID, AP_NAME) VALUES('LH','George Bush Intercontinental Airport');

INSERT INTO CONTAINS (AIRLINEID, AP_NAME) VALUES('BA','Heathrow International Airport');
INSERT INTO CONTAINS (AIRLINEID, AP_NAME) VALUES('BA','Chhatrapati Shivaji International Airport');
INSERT INTO CONTAINS (AIRLINEID, AP_NAME) VALUES('BA','Indira Gandhi International Airport');
INSERT INTO CONTAINS (AIRLINEID, AP_NAME) VALUES('BA','San Francisco International Airport');

INSERT INTO CONTAINS (AIRLINEID, AP_NAME) VALUES('QR','Indira Gandhi International Airport');
INSERT INTO CONTAINS (AIRLINEID, AP_NAME) VALUES('QR','Doha International Airport');

CREATE TABLE FLIGHT
(FLIGHT_CODE VARCHAR(10) NOT NULL,
SOURCE VARCHAR(3),
DESTINATION VARCHAR(3),
ARRIVAL VARCHAR2(10),
DEPARTURE VARCHAR2(10),
STATUS VARCHAR(10),
DURATION VARCHAR2(30),
FLIGHTTYPE VARCHAR(10),
NO_OF_STOPS INT,
AIRLINEID VARCHAR(3),
PRIMARY KEY(FLIGHT_CODE),
FOREIGN KEY(AIRLINEID) REFERENCES AIRLINE(AIRLINEID) ON DELETE CASCADE);

--------Air India Limited-----------------
INSERT INTO FLIGHT(FLIGHT_CODE, SOURCE, DESTINATION, ARRIVAL, DEPARTURE, STATUS, DURATION, NO_OF_STOPS, AIRLINEID)
VALUES('AI173','DEL','SFO','03:30','07:00','On-time','16hr',0,'AI');

INSERT INTO FLIGHT(FLIGHT_CODE, SOURCE, DESTINATION, ARRIVAL, DEPARTURE, STATUS, DURATION, NO_OF_STOPS, AIRLINEID)
VALUES('AI184','SFO','DEL','01:00','05:30','On-time','16hr',0,'AI');

INSERT INTO FLIGHT(FLIGHT_CODE, SOURCE, DESTINATION, ARRIVAL, DEPARTURE, STATUS, DURATION, NO_OF_STOPS, AIRLINEID)
VALUES('AI111','DEL','LHR','14:00','19:00','On-time','9hr 30min',0,'AI');

INSERT INTO FLIGHT(FLIGHT_CODE, SOURCE, DESTINATION, ARRIVAL, DEPARTURE, STATUS, DURATION, NO_OF_STOPS, AIRLINEID)
VALUES('AI162','LHR','DEL','09:45','22:50','On-time','8hr 35min',0,'AI');
  
--------Vistara--------------

INSERT INTO FLIGHT(FLIGHT_CODE, SOURCE, DESTINATION, ARRIVAL, DEPARTURE, STATUS, DURATION, NO_OF_STOPS, AIRLINEID)
VALUES('UK706','DEL','IXC','13:40','14:45','On-time','1hr 5min',0,'UK');
INSERT INTO FLIGHT(FLIGHT_CODE, SOURCE, DESTINATION, ARRIVAL, DEPARTURE, STATUS, DURATION, NO_OF_STOPS, AIRLINEID)
VALUES('UK668','IXC','DEL','08:50','10:00','On-time','1hr 10min',0,'UK');
INSERT INTO FLIGHT(FLIGHT_CODE, SOURCE, DESTINATION, ARRIVAL, DEPARTURE, STATUS, DURATION, NO_OF_STOPS, AIRLINEID)
VALUES('UK948','DEL','BOM','20:40','22:50','On-time','2hr 10min',0,'UK');
INSERT INTO FLIGHT(FLIGHT_CODE, SOURCE, DESTINATION, ARRIVAL, DEPARTURE, STATUS, DURATION, NO_OF_STOPS, AIRLINEID)
VALUES('UK950','BOM','DEL','21:55','00:10','On-time','2hr 5min',0,'UK');
  
--------Qatar Airways-----------------

INSERT INTO FLIGHT(FLIGHT_CODE, SOURCE, DESTINATION, ARRIVAL, DEPARTURE, STATUS, DURATION, NO_OF_STOPS, AIRLINEID)
VALUES('QR578','DOH','DEL','19:40','01:55','Delayed','3hrs 45min','Non-stop',0,'QR');

INSERT INTO FLIGHT(FLIGHT_CODE, SOURCE, DESTINATION, ARRIVAL, DEPARTURE, STATUS, DURATION, NO_OF_STOPS, AIRLINEID)
VALUES('QR579','DEL','DOH','19:40','01:55','On-time','4hrs 25min','Non-stop',0,'QR');

-----------Singapore Airlines----------

INSERT INTO FLIGHT(FLIGHT_CODE, SOURCE, DESTINATION, ARRIVAL, DEPARTURE, STATUS, DURATION, NO_OF_STOPS, AIRLINEID)
VALUES('SQ530','AMD','SIN','22:50','07:10','On-time','5hrs 50min','Non-stop',0,'SQ');

INSERT INTO FLIGHT(FLIGHT_CODE, SOURCE, DESTINATION, ARRIVAL, DEPARTURE, STATUS, DURATION, NO_OF_STOPS, AIRLINEID)
VALUES('SQ531','SIN','AMD','18:35','21:35','On-time','5hrs 30min','Non-stop',0,'SQ');

INSERT INTO FLIGHT(FLIGHT_CODE, SOURCE, DESTINATION, ARRIVAL, DEPARTURE, STATUS, DURATION, NO_OF_STOPS, AIRLINEID)
VALUES('SQ495','DXB','SIN','20:00','07:30','On-time','7hrs 30min','Non-stop',0,'SQ');

INSERT INTO FLIGHT(FLIGHT_CODE, SOURCE, DESTINATION, ARRIVAL, DEPARTURE, STATUS, DURATION, NO_OF_STOPS, AIRLINEID)
VALUES('SQ494','SIN','DXB','15:10','18:25','On-time','7hrs 15min','Non-stop',0,'SQ');
 
---------American Airlines-----------


INSERT INTO FLIGHT(FLIGHT_CODE, SOURCE, DESTINATION, ARRIVAL, DEPARTURE, STATUS, DURATION, NO_OF_STOPS, AIRLINEID)
VALUES('AA6662','DEL','IAH','01:50','14:20','On-time','23hrs','Non-stop',0,'AA');
INSERT INTO FLIGHT(FLIGHT_CODE, SOURCE, DESTINATION, ARRIVAL, DEPARTURE, STATUS, DURATION, NO_OF_STOPS, AIRLINEID)
VALUES('AA6155','IAH','DEL','16:10','23:30','On-time','20hrs 50min','Non-stop',0,'AA');
INSERT INTO FLIGHT(FLIGHT_CODE, SOURCE, DESTINATION, ARRIVAL, DEPARTURE, STATUS, DURATION, NO_OF_STOPS, AIRLINEID)
VALUES('AA6658','BOM','LHR','01:55','07:05','On-time','9hrs 40min','Non-stop',0,'AA');
INSERT INTO FLIGHT(FLIGHT_CODE, SOURCE, DESTINATION, ARRIVAL, DEPARTURE, STATUS, DURATION, NO_OF_STOPS, AIRLINEID)
VALUES('AA6221','LHR','SDF','14:45','17:45','On-time','9hrs','Non-stop',0,'AA');
INSERT INTO FLIGHT(FLIGHT_CODE, SOURCE, DESTINATION, ARRIVAL, DEPARTURE, STATUS, DURATION, NO_OF_STOPS, AIRLINEID)
VALUES('AA2502','SDF','LHR','13:40','15:45','On-time','8hrs','Non-stop',0,'AA');
INSERT INTO FLIGHT(FLIGHT_CODE, SOURCE, DESTINATION, ARRIVAL, DEPARTURE, STATUS, DURATION, NO_OF_STOPS, AIRLINEID)
VALUES('AA6662','LHR','BOM','17:00','08:15','On-time','9hrs','Non-stop',0,'AA');

---------Indigo-------------------
INSERT INTO FLIGHT(FLIGHT_CODE, SOURCE, DESTINATION, ARRIVAL, DEPARTURE, STATUS, DURATION, NO_OF_STOPS, AIRLINEID)
VALUES('6E223','DEL','BOM','10:25','12:35','On-time','2hrs 10min','Non-stop',0,'6E');
INSERT INTO FLIGHT(FLIGHT_CODE, SOURCE, DESTINATION, ARRIVAL, DEPARTURE, STATUS, DURATION, NO_OF_STOPS, AIRLINEID)
VALUES('6E5047','BOM','DEL','06:25','08:50','On-time','2hrs 25min','Non-stop',0,'6E');
INSERT INTO FLIGHT(FLIGHT_CODE, SOURCE, DESTINATION, ARRIVAL, DEPARTURE, STATUS, DURATION, NO_OF_STOPS, AIRLINEID)
VALUES('6E153','DEL','AMD','17:45','19:30','On-time','1hr 45min','Non-stop',0,'6E');
INSERT INTO FLIGHT(FLIGHT_CODE, SOURCE, DESTINATION, ARRIVAL, DEPARTURE, STATUS, DURATION, NO_OF_STOPS, AIRLINEID)
VALUES('6E6683','AMD','DEL','05:10','06:45','On-time','1hr 35min','Non-stop',0,'6E');
INSERT INTO FLIGHT(FLIGHT_CODE, SOURCE, DESTINATION, ARRIVAL, DEPARTURE, STATUS, DURATION, NO_OF_STOPS, AIRLINEID)
VALUES('6E2591','BDQ','BOM','07:05','08:35','On-time','1hr 30min','Non-stop',0,'6E');
INSERT INTO FLIGHT(FLIGHT_CODE, SOURCE, DESTINATION, ARRIVAL, DEPARTURE, STATUS, DURATION, NO_OF_STOPS, AIRLINEID)
VALUES('6E129','BOM','BDQ','05:10','06:30','On-time','1hr 20min','Non-stop',0,'6E');
INSERT INTO FLIGHT(FLIGHT_CODE, SOURCE, DESTINATION, ARRIVAL, DEPARTURE, STATUS, DURATION, NO_OF_STOPS, AIRLINEID)
VALUES('6E2702','DEL','BDQ','04:55','06:35','On-time','1hr 40min','Non-stop',0,'6E');
INSERT INTO FLIGHT(FLIGHT_CODE, SOURCE, DESTINATION, ARRIVAL, DEPARTURE, STATUS, DURATION, NO_OF_STOPS, AIRLINEID)
VALUES('6E2027','BDQ','DEL','12:35','14:15','On-time','1hr 40min','Non-stop',0,'6E');
INSERT INTO FLIGHT(FLIGHT_CODE, SOURCE, DESTINATION, ARRIVAL, DEPARTURE, STATUS, DURATION, NO_OF_STOPS, AIRLINEID)
VALUES('6E6055','AMD','IXC','16:05','17:55','On-time','1hr 50min','Non-stop',0,'6E');
INSERT INTO FLIGHT(FLIGHT_CODE, SOURCE, DESTINATION, ARRIVAL, DEPARTURE, STATUS, DURATION, NO_OF_STOPS, AIRLINEID)
VALUES('6E6056','IXC','AMD','10:25','12:35','On-time','1hr 50min','Non-stop',0,'6E');


----------Spicejet------------

INSERT INTO FLIGHT(FLIGHT_CODE, SOURCE, DESTINATION, ARRIVAL, DEPARTURE, STATUS, DURATION, NO_OF_STOPS, AIRLINEID)
VALUES('SG636','AMD','BOM','05:25','06:40','On-time','1hr 15min','Non-stop',0,'SG');
INSERT INTO FLIGHT(FLIGHT_CODE, SOURCE, DESTINATION, ARRIVAL, DEPARTURE, STATUS, DURATION, NO_OF_STOPS, AIRLINEID)
VALUES('SG231','BOM','AMD','17:25','18:40','On-time','1hr 15min','Non-stop',0,'SG');
INSERT INTO FLIGHT(FLIGHT_CODE, SOURCE, DESTINATION, ARRIVAL, DEPARTURE, STATUS, DURATION, NO_OF_STOPS, AIRLINEID)
VALUES('SG912','AMD','DEL','19:15','21:00','On-time','1hr 45min','Non-stop',0,'SG');
INSERT INTO FLIGHT(FLIGHT_CODE, SOURCE, DESTINATION, ARRIVAL, DEPARTURE, STATUS, DURATION, NO_OF_STOPS, AIRLINEID)
VALUES('SG8193','DEL','AMD','18:55','20:30','On-time','1hr 35min','Non-stop',0,'SG');


-----------Emirates---------
INSERT INTO FLIGHT(FLIGHT_CODE, SOURCE, DESTINATION, ARRIVAL, DEPARTURE, STATUS, DURATION, NO_OF_STOPS, AIRLINEID)
VALUES('EK501','BOM','DXB','04:30','06:00','On-time','3hrs','Non-stop',0,'EK');
INSERT INTO FLIGHT(FLIGHT_CODE, SOURCE, DESTINATION, ARRIVAL, DEPARTURE, STATUS, DURATION, NO_OF_STOPS, AIRLINEID)
VALUES('EK500','DXB','BOM','21:55','02:30','On-time','3hrs 5min','Non-stop',0,'EK');
INSERT INTO FLIGHT(FLIGHT_CODE, SOURCE, DESTINATION, ARRIVAL, DEPARTURE, STATUS, DURATION, NO_OF_STOPS, AIRLINEID)
VALUES('EK517','DEL','DXB','15:15','18:10','On-time','3hrs 25min','Non-stop',0,'EK');
INSERT INTO FLIGHT(FLIGHT_CODE, SOURCE, DESTINATION, ARRIVAL, DEPARTURE, STATUS, DURATION, NO_OF_STOPS, AIRLINEID)
VALUES('EK512','DXB','DEL','22:00','02:45','On-time','3hrs 15min','Non-stop',0,'EK');

----------Etihad Airways-----------------

INSERT INTO FLIGHT(FLIGHT_CODE, SOURCE, DESTINATION, ARRIVAL, DEPARTURE, STATUS, DURATION, NO_OF_STOPS, AIRLINEID)
VALUES('EY100','JFK','AUH','22:50','19:55','On-time','13hrs 5min','Non-stop',0,'EY');
INSERT INTO FLIGHT(FLIGHT_CODE, SOURCE, DESTINATION, ARRIVAL, DEPARTURE, STATUS, DURATION, NO_OF_STOPS, AIRLINEID)
VALUES('EY101','AUH','JFK','10:40','16:50','On-time','14hrs 10min','Non-stop',0,'EY');
INSERT INTO FLIGHT(FLIGHT_CODE, SOURCE, DESTINATION, ARRIVAL, DEPARTURE, STATUS, DURATION, NO_OF_STOPS, AIRLINEID)
VALUES('EY205','BOM','AUH','05:20','06:55','On-time','3hrs 5min','Non-stop',0,'EY');
INSERT INTO FLIGHT(FLIGHT_CODE, SOURCE, DESTINATION, ARRIVAL, DEPARTURE, STATUS, DURATION, NO_OF_STOPS, AIRLINEID)
VALUES('EY207','AUH','BOM','14:25','19:15','On-time','3hrs 5min','Non-stop',0,'EY');

------------Lufthansa-----------------------
INSERT INTO FLIGHT(FLIGHT_CODE, SOURCE, DESTINATION, ARRIVAL, DEPARTURE, STATUS, DURATION, NO_OF_STOPS, AIRLINEID)
VALUES('LH757','BOM','FRA','02:50','07:50','On-time','8hrs 30min','Non-stop',0,'LH');
INSERT INTO FLIGHT(FLIGHT_CODE, SOURCE, DESTINATION, ARRIVAL, DEPARTURE, STATUS, DURATION, NO_OF_STOPS, AIRLINEID)
VALUES('LH756','FRA','BOM','13:20','01:00','On-time','8hrs 10min','Non-stop',0,'LH');
INSERT INTO FLIGHT(FLIGHT_CODE, SOURCE, DESTINATION, ARRIVAL, DEPARTURE, STATUS, DURATION, NO_OF_STOPS, AIRLINEID)
VALUES('LH440','FRA','IAH','10:00','13:55','On-time','10hrs 55min','Non-stop',0,'LH');
INSERT INTO FLIGHT(FLIGHT_CODE, SOURCE, DESTINATION, ARRIVAL, DEPARTURE, STATUS, DURATION, NO_OF_STOPS, AIRLINEID)
VALUES('LH441','IAH','FRA','16:40','08:40','On-time','9hrs 40min','Non-stop',0,'LH');

----------British Airways-----------------
INSERT INTO FLIGHT(FLIGHT_CODE, SOURCE, DESTINATION, ARRIVAL, DEPARTURE, STATUS, DURATION, NO_OF_STOPS, AIRLINEID)
VALUES('BA138','BOM','LHR','01:55','07:05','On-time','9hrs 40min','Non-stop',0,'BA');
INSERT INTO FLIGHT(FLIGHT_CODE, SOURCE, DESTINATION, ARRIVAL, DEPARTURE, STATUS, DURATION, NO_OF_STOPS, AIRLINEID)
VALUES('BA137','LHR','BOM','10:15','23:55','On-time','9hrs 10min','Non-stop',0,'BA');
INSERT INTO FLIGHT(FLIGHT_CODE, SOURCE, DESTINATION, ARRIVAL, DEPARTURE, STATUS, DURATION, NO_OF_STOPS, AIRLINEID)
VALUES('BA142','DEL','LHR','01:50','06:45','On-time','9hrs 25min','Non-stop',0,'BA');
INSERT INTO FLIGHT(FLIGHT_CODE, SOURCE, DESTINATION, ARRIVAL, DEPARTURE, STATUS, DURATION, NO_OF_STOPS, AIRLINEID)
VALUES('BA257','LHR','DEL','19:25','08:20','On-time','8hrs 25min','Non-stop',0,'BA');
INSERT INTO FLIGHT(FLIGHT_CODE, SOURCE, DESTINATION, ARRIVAL, DEPARTURE, STATUS, DURATION, NO_OF_STOPS, AIRLINEID)
VALUES('BA285','LHR','SFO','11:20','14:25','On-time','11hrs 5min','Non-stop',0,'BA');
INSERT INTO FLIGHT(FLIGHT_CODE, SOURCE, DESTINATION, ARRIVAL, DEPARTURE, STATUS, DURATION, NO_OF_STOPS, AIRLINEID)
VALUES('BA284','SFO','LHR','16:30','10:55','On-time','10hrs 25min','Non-stop',0,'BA');



CREATE TABLE PASSENGER_ESSEN
(PID INT NOT NULL,
PASSPORTNO VARCHAR(10) NOT NULL,
PRIMARY KEY(PID, PASSPORTNO));

-- Insering values in table: PASSENGER1--
INSERT INTO PASSENGER1(PID, PASSPORTNO) VALUES(1,'A1234568');
INSERT INTO PASSENGER1(PID, PASSPORTNO) VALUES(2,'B9876541');
INSERT INTO PASSENGER1(PID, PASSPORTNO) VALUES(3,'C2345698');
INSERT INTO PASSENGER1(PID, PASSPORTNO) VALUES(4,'D1002004');
INSERT INTO PASSENGER1(PID, PASSPORTNO) VALUES(5,'X9324666');
INSERT INTO PASSENGER1(PID, PASSPORTNO) VALUES(6,'B8765430');
INSERT INTO PASSENGER1(PID, PASSPORTNO) VALUES(7,'J9801235');
INSERT INTO PASSENGER1(PID, PASSPORTNO) VALUES(8,'A1122334');
INSERT INTO PASSENGER1(PID, PASSPORTNO) VALUES(9,'Q1243567');
INSERT INTO PASSENGER1(PID, PASSPORTNO) VALUES(10,'S1243269');
INSERT INTO PASSENGER1(PID, PASSPORTNO) VALUES(11,'E3277889');
INSERT INTO PASSENGER1(PID, PASSPORTNO) VALUES(12,'K3212322');
INSERT INTO PASSENGER1(PID, PASSPORTNO) VALUES(13,'P3452390');
INSERT INTO PASSENGER1(PID, PASSPORTNO) VALUES(14,'W7543336');
INSERT INTO PASSENGER1(PID, PASSPORTNO) VALUES(15,'R8990566');
INSERT INTO PASSENGER1(PID, PASSPORTNO) VALUES(16,'T8930566');
INSERT INTO PASSENGER1(PID, PASSPORTNO) VALUES(17,'N8850566');
INSERT INTO PASSENGER1(PID, PASSPORTNO) VALUES(18,'S5590566');
INSERT INTO PASSENGER1(PID, PASSPORTNO) VALUES(19,'T3660566');
INSERT INTO PASSENGER1(PID, PASSPORTNO) VALUES(20,'N7540566');
INSERT INTO PASSENGER1(PID, PASSPORTNO) VALUES(21,'N7401853');

CREATE TABLE PASSENGER_INFO
(PASSPORTNO VARCHAR(10) NOT NULL,
FNAME VARCHAR2(20),
M VARCHAR(1),
LNAME VARCHAR2(20),
ADDRESS VARCHAR2(100),
PHONE INT,
AGE INT,
SEX VARCHAR(1),
PRIMARY KEY(PASSPORTNO));

--iNSERTING VALUES IN TABLE: PASSENGER_INFO--
INSERT INTO PASSENGER2(PASSPORTNO,FNAME,M,LNAME,ADDRESS,PHONE,AGE,SEX)
VALUES('A1234568','ALEN','M','SMITH','2230 NORTHSIDE, APT 11, ALBANY, NY',8080367290,30,'M');

INSERT INTO PASSENGER2(PASSPORTNO,FNAME,M,LNAME,ADDRESS,PHONE,AGE,SEX)
VALUES('B9876541','ANKITA','V','AHIR','3456 VIKAS APTS, APT 102,DOMBIVLI, INDIA',8080367280,26,'F');

INSERT INTO PASSENGER2(PASSPORTNO,FNAME,M,LNAME,ADDRESS,PHONE,AGE,SEX)
VALUES('C2345698','KHYATI','A','MISHRA','7820 MCCALLUM COURTS, APT 234, AKRON, OH',8082267280,30,'F');

INSERT INTO PASSENGER2(PASSPORTNO,FNAME,M,LNAME,ADDRESS,PHONE,AGE,SEX)
VALUES('D1002004','ANKITA','S','PATIL','7720 MCCALLUM BLVD, APT 1082, DALLAS, TX',9080367266,23,'F');

INSERT INTO PASSENGER2(PASSPORTNO,FNAME,M,LNAME,ADDRESS,PHONE,AGE,SEX)
VALUES('X9324666','TEJASHREE','B','PANDIT','9082 ESTAES OF RICHARDSON, RICHARDSON, TX',9004360125,28,'F');

INSERT INTO PASSENGER2(PASSPORTNO,FNAME,M,LNAME,ADDRESS,PHONE,AGE,SEX)
VALUES('B8765430','LAKSHMI','P','SHARMA','1110 FIR HILLS, APT 903, AKRON, OH',7666190505,30,'F');

INSERT INTO PASSENGER2(PASSPORTNO,FNAME,M,LNAME,ADDRESS,PHONE,AGE,SEX)
VALUES('J9801235','AKHILESH','D','JOSHI','345 CHATHAM COURTS, APT 678, MUMBAI, INDIA',9080369290,29,'M');

INSERT INTO PASSENGER2(PASSPORTNO,FNAME,M,LNAME,ADDRESS,PHONE,AGE,SEX)
VALUES('A1122334','MANAN','S','LAKHANI','5589 CHTHAM REFLECTIONS, APT 349 HOUSTON, TX',9004335126,25,'F');

INSERT INTO PASSENGER2(PASSPORTNO,FNAME,M,LNAME,ADDRESS,PHONE,AGE,SEX)
VALUES('Q1243567','KARAN','M','MOTANI','4444 FRANKFORD VILLA, APT 77, GUILDERLAND, NY',9727626643,22,'M');

INSERT INTO PASSENGER2(PASSPORTNO,FNAME,M,LNAME,ADDRESS,PHONE,AGE,SEX)
VALUES('S1243269','ROM','A','SOLANKI','7720 MCCALLUM BLVD, APT 2087, DALLAS, TX',9004568903,60,'M');


INSERT INTO PASSENGER2(PASSPORTNO,FNAME,M,LNAME,ADDRESS,PHONE,AGE,SEX)
VALUES('E3277889','John','A','GATES','1234 BAKER APTS, APT 59, HESSE, GERMANY',9724569986,10,'M');

INSERT INTO PASSENGER2(PASSPORTNO,FNAME,M,LNAME,ADDRESS,PHONE,AGE,SEX)
VALUES('K3212322','SARA','B','GOMES','6785 SPLITSVILLA, APT 34, MIAMI, FL',9024569226,15,'F');

INSERT INTO PASSENGER2(PASSPORTNO,FNAME,M,LNAME,ADDRESS,PHONE,AGE,SEX)
VALUES('P3452390','ALIA','V','BHAT','548 MARKET PLACE, SAN Francisco, CA',9734567800,10,'F');

INSERT INTO PASSENGER2(PASSPORTNO,FNAME,M,LNAME,ADDRESS,PHONE,AGE,SEX)
VALUES('W7543336','JOHN','P','SMITH','6666 ROCK HILL, APT 2902, TAMPA, FL',4624569986,55,'M');

INSERT INTO PASSENGER2(PASSPORTNO,FNAME,M,LNAME,ADDRESS,PHONE,AGE,SEX)
VALUES('R8990566','RIA','T','GUPTA','3355 PALENCIA, APT 2065, MUMBAI, INDIA',4724512343,10,'M');
-----------------
INSERT INTO PASSENGER2(PASSPORTNO,FNAME,M,LNAME,ADDRESS,PHONE,AGE,SEX)
VALUES('T8930566','TULSI','V','PALAN','33 HIRANANDANI, APT 206, RAJKOT, INDIA',9856478951,20,'F');

INSERT INTO PASSENGER2(PASSPORTNO,FNAME,M,LNAME,ADDRESS,PHONE,AGE,SEX)
VALUES('N8850566','NISARG','T','PATEL','3355 PALENCIA, APT 2065, AHMEDABAD, INDIA',9099958862,20,'M');

INSERT INTO PASSENGER2(PASSPORTNO,FNAME,M,LNAME,ADDRESS,PHONE,AGE,SEX)
VALUES('S5590566','NIRAV','D','KOTHARI','55 , NAVJIVAN SOCIETY, AHMEDABAD, INDIA',9825171059,45,'M');

INSERT INTO PASSENGER2(PASSPORTNO,FNAME,M,LNAME,ADDRESS,PHONE,AGE,SEX)
VALUES('N7540566','NIKETKUMAR','N','KOTHARI','8 SWAGAT DUPLEX,, VADODARA, INDIA',9429257648,20,'M');

INSERT INTO PASSENGER2(PASSPORTNO,FNAME,M,LNAME,ADDRESS,PHONE,AGE,SEX)
VALUES('N7401853','NIRAV','T','MADHANI','3 PALENCIA, APT 2065, AHMEDABAD, INDIA',7383346889,10,'M');


CREATE TABLE PASSENGER3
(PID INT NOT NULL,
FLIGHT_CODE VARCHAR(10),
PRIMARY KEY(PID),
FOREIGN KEY(FLIGHT_CODE) REFERENCES FLIGHT(FLIGHT_CODE) ON DELETE CASCADE);

-- INSERTING VALUES INTO TABLE: PASSENGER3--

INSERT INTO PASSENGER3(PID, FLIGHT_CODE) VALUES(1,'UK668');
INSERT INTO PASSENGER3(PID, FLIGHT_CODE) VALUES(2,'UK948');
INSERT INTO PASSENGER3(PID, FLIGHT_CODE) VALUES(3,'QR578');
INSERT INTO PASSENGER3(PID, FLIGHT_CODE) VALUES(4,'SQ530');
INSERT INTO PASSENGER3(PID, FLIGHT_CODE) VALUES(5,'SQ495');
INSERT INTO PASSENGER3(PID, FLIGHT_CODE) VALUES(6,'AI184');
INSERT INTO PASSENGER3(PID, FLIGHT_CODE) VALUES(7,'AI162');
INSERT INTO PASSENGER3(PID, FLIGHT_CODE) VALUES(8,'AA6662');
INSERT INTO PASSENGER3(PID, FLIGHT_CODE) VALUES(9,'AA6658');
INSERT INTO PASSENGER3(PID, FLIGHT_CODE) VALUES(10,'AA6221');
INSERT INTO PASSENGER3(PID, FLIGHT_CODE) VALUES(11,'6E2591');
INSERT INTO PASSENGER3(PID, FLIGHT_CODE) VALUES(12,'6E129');
INSERT INTO PASSENGER3(PID, FLIGHT_CODE) VALUES(13,'6E2702');
INSERT INTO PASSENGER3(PID, FLIGHT_CODE) VALUES(14,'6E6056');
INSERT INTO PASSENGER3(PID, FLIGHT_CODE) VALUES(15,'SG636');
INSERT INTO PASSENGER3(PID, FLIGHT_CODE) VALUES(16,'SG912');
INSERT INTO PASSENGER3(PID, FLIGHT_CODE) VALUES(17,'EK512');
INSERT INTO PASSENGER3(PID, FLIGHT_CODE) VALUES(17,'EK517');
INSERT INTO PASSENGER3(PID, FLIGHT_CODE) VALUES(17,'6E153');
INSERT INTO PASSENGER3(PID, FLIGHT_CODE) VALUES(18,'EY101');
INSERT INTO PASSENGER3(PID, FLIGHT_CODE) VALUES(19,'EY205');
INSERT INTO PASSENGER3(PID, FLIGHT_CODE) VALUES(20,'LH757');
INSERT INTO PASSENGER3(PID, FLIGHT_CODE) VALUES(20,'LH756');
INSERT INTO PASSENGER3(PID, FLIGHT_CODE) VALUES(21,'EK501');
INSERT INTO PASSENGER3(PID, FLIGHT_CODE) VALUES(21,'EK500');



CREATE TABLE EMPLOYEE1
(SSN INT NOT NULL,
FNAME VARCHAR2(20),
M VARCHAR(1),
LNAME VARCHAR2(20),
ADDRESS VARCHAR2(100),
PHONE INT,
AGE INT,
SEX VARCHAR(1),
JOBTYPE VARCHAR2(30),
ASTYPE VARCHAR2(30),
AP_NAME VARCHAR2(100),
PRIMARY KEY(SSN),
FOREIGN KEY(AP_NAME) REFERENCES AIRPORT(AP_NAME) ON DELETE CASCADE);

INSERT INTO EMPLOYEE1(SSN, FNAME, M, LNAME, ADDRESS, PHONE, AGE, SEX, JOBTYPE, ASTYPE, AP_NAME)
VALUES(123456789,'LINDA','M','GOODMAN','731 Fondren, Houston, TX',4356789345, 35, 'F','ADMINISTRATIVE SUPPORT','RECEPTIONIST','Louisville International Airport');

INSERT INTO EMPLOYEE1(SSN, FNAME, M, LNAME, ADDRESS, PHONE, AGE, SEX, JOBTYPE, ASTYPE, AP_NAME)
VALUES(333445555,'JOHNY','N','PAUL','638 Voss, Houston, TX',9834561995, 40, 'M','ADMINISTRATIVE SUPPORT','SECRETARY','Louisville International Airport');

INSERT INTO EMPLOYEE1(SSN, FNAME, M, LNAME, ADDRESS, PHONE, AGE, SEX, JOBTYPE, ASTYPE, AP_NAME)
VALUES(999887777,'JAMES','P','BOND','3321 Castle, Spring, TX',9834666995, 50, 'M','ENGINEER','RADIO ENGINEER','Louisville International Airport');


INSERT INTO EMPLOYEE1(SSN, FNAME, M, LNAME, ADDRESS, PHONE, AGE, SEX, JOBTYPE, ASTYPE, AP_NAME)
VALUES(987654321,'SHERLOCK','A','HOLMES','123 TOP HILL, SAN Francisco,CA',8089654321, 47, 'M','TRAFFIC MONITOR','','San Francisco International Airport');

INSERT INTO EMPLOYEE1(SSN, FNAME, M, LNAME, ADDRESS, PHONE, AGE, SEX, JOBTYPE, ASTYPE, AP_NAME)
VALUES(666884444,'SHELDON','A','COOPER','345 CHERRY PARK, HESSE,GERMANY',1254678903, 55, 'M','TRAFFIC MONITOR','','Frankfurt Airport');


INSERT INTO EMPLOYEE1(SSN, FNAME, M, LNAME, ADDRESS, PHONE, AGE, SEX, JOBTYPE, ASTYPE, AP_NAME)
VALUES(453453453,'RAJ','B','SHARMA','345 FLOYDS, MUMBAI,INDIA',4326789031, 35, 'M','AIRPORT AUTHORITY','MANAGER','Chhatrapati Shivaji International Airport');


INSERT INTO EMPLOYEE1(SSN, FNAME, M, LNAME, ADDRESS, PHONE, AGE, SEX, JOBTYPE, ASTYPE, AP_NAME)
VALUES(987987987,'NIKITA','C','PAUL','110 SYNERGY PARK, DALLAS,TX',5678904325, 33, 'F','ENGINEER','AIRPORT CIVIL ENGINEER','Dallas/Fort Worth International Airport');


INSERT INTO EMPLOYEE1(SSN, FNAME, M, LNAME, ADDRESS, PHONE, AGE, SEX, JOBTYPE, ASTYPE, AP_NAME)
VALUES(888665555,'SHUBHAM','R','GUPTA','567 CHANDANI CHOWK, DELHI, INDIA',8566778890, 39, 'M','ADMINISTRATIVE SUPPORT','DATA ENTRY WORKER','Indira Gandhi International Airport');

INSERT INTO EMPLOYEE1(SSN, FNAME, M, LNAME, ADDRESS, PHONE, AGE, SEX, JOBTYPE, ASTYPE, AP_NAME)
VALUES(125478909,'PRATIK','T','GOMES','334 VITRUVIAN PARK, ALBANY, NY',4444678903, 56, 'M','TRAFFIC MONITOR','','John F. Kennedy International Airport');

INSERT INTO EMPLOYEE1(SSN, FNAME, M, LNAME, ADDRESS, PHONE, AGE, SEX, JOBTYPE, ASTYPE, AP_NAME)
VALUES(324567897,'ADIT','P','DESAI','987 SOMNATH, CHANDIGARH, INDIA',2244658909, 36, 'M','TRAFFIC MONITOR','','Chandigarh International Airport');

INSERT INTO EMPLOYEE1(SSN, FNAME, M, LNAME, ADDRESS, PHONE, AGE, SEX, JOBTYPE, ASTYPE, AP_NAME)
VALUES(456789123,'KAMLESH','V','PATEL','89 SPRINGWOOD','AHMEDABAD','INDIA','9875263145','M','SUPERVISOR','SECURITY','Sardar VallabhbhaiPatel International Airport');

INSERT INTO EMPLOYEE1(SSN, FNAME, M, LNAME, ADDRESS, PHONE, AGE, SEX, JOBTYPE, ASTYPE, AP_NAME)
VALUES(456789123,'MANAN','V','PATEL','15 RIVIERA','VADODARA','INDIA','9875263185','M','MANAGAR','SECURITY','Vadodara Airport');


CREATE TABLE EMPLOYEE_AP
(JOBTYPE VARCHAR2(30) NOT NULL,
SALARY INT,
PRIMARY KEY(JOBTYPE));

--INSERTING VALUES INTO TABLE: EMPLOYEE_AP--
INSERT INTO EMPLOYEE2(JOBTYPE, SALARY)VALUES('ADMINISTRATIVE SUPPORT',50000);
INSERT INTO EMPLOYEE2(JOBTYPE, SALARY)VALUES('ENGINEER',70000);
INSERT INTO EMPLOYEE2(JOBTYPE, SALARY)VALUES('TRAFFIC MONITOR',80000);
INSERT INTO EMPLOYEE2(JOBTYPE, SALARY)VALUES('AIRPORT AUTHORITY',90000);


CREATE TABLE SERVES
(SSN INT NOT NULL,
PID INT NOT NULL,
PASSPORTNO VARCHAR(10) NOT NULL,
PRIMARY KEY(SSN, PID, PASSPORTNO),
FOREIGN KEY(SSN) REFERENCES EMPLOYEE1(SSN) ON DELETE CASCADE,
FOREIGN KEY(PID, PASSPORTNO) REFERENCES PASSENGER1(PID, PASSPORTNO) ON DELETE CASCADE);

-- INSERTING VALUES INTO TABLE: SERVES--
INSERT INTO SERVES(SSN, PID, PASSPORTNO) VALUES(123456789,1,'A1234568');
INSERT INTO SERVES(SSN, PID, PASSPORTNO) VALUES(123456789,15,'R8990566');
INSERT INTO SERVES(SSN, PID, PASSPORTNO) VALUES(123456789,9,'Q1243567');
INSERT INTO SERVES(SSN, PID, PASSPORTNO) VALUES(888665555,4,'D1002004');
INSERT INTO SERVES(SSN, PID, PASSPORTNO) VALUES(888665555,13,'P3452390');
INSERT INTO SERVES(SSN, PID, PASSPORTNO) VALUES(333445555,10,'S1243269');
INSERT INTO SERVES(SSN, PID, PASSPORTNO) VALUES(333445555,12,'K3212322');
INSERT INTO SERVES(SSN, PID, PASSPORTNO) VALUES(888665555,12,'K3212322');
INSERT INTO SERVES(SSN, PID, PASSPORTNO) VALUES(123456789,7,'J9801235');
INSERT INTO SERVES(SSN, PID, PASSPORTNO) VALUES(888665555,7,'J9801235');

CREATE TABLE TICKET1
(TICKET_NUMBER INT NOT NULL,
SOURCE VARCHAR(3),
DESTINATION VARCHAR(3),
DATE_OF_BOOKING DATE,
DATE_OF_TRAVEL DATE,
SEATNO VARCHAR(5),
CLASS VARCHAR2(15),
DATE_OF_CANCELLATION DATE,
PID INT,
PASSPORTNO VARCHAR(10),
FOREIGN KEY(PID, PASSPORTNO) REFERENCES PASSENGER1(PID, PASSPORTNO) ON DELETE CASCADE);

--INSERTING INTO TABLE: TICKET1--
INSERT INTO TICKET1(TICKET_NUMBER, SOURCE, DESTINATION, DATE_OF_BOOKING, DATE_OF_CANCELLATION, DATE_OF_TRAVEL, SEATNO, CLASS, PID, PASSPORTNO)
VALUES(0011234111122,'IXC','DEL','11-MAY-2020','','15-DEC-2020','3A','ECONOMY',1,'A1234568');

INSERT INTO TICKET1(TICKET_NUMBER, SOURCE, DESTINATION, DATE_OF_BOOKING, DATE_OF_CANCELLATION, DATE_OF_TRAVEL, SEATNO, CLASS, PID, PASSPORTNO)
VALUES(0984567222299,'DEL','BOM','11-JUN-2020','10-JUN-2020','20-JUL-2020','5D','ECONOMY',2,'B9876541');

INSERT INTO TICKET1(TICKET_NUMBER, SOURCE, DESTINATION, DATE_OF_BOOKING, DATE_OF_CANCELLATION, DATE_OF_TRAVEL, SEATNO, CLASS, PID, PASSPORTNO)
VALUES(1768901333273,'DOH','DEL','21-AUG-2020','','25-NOV-2020','1A','BUSINESS',3,'C2345698');

INSERT INTO TICKET1(TICKET_NUMBER, SOURCE, DESTINATION, DATE_OF_BOOKING, DATE_OF_CANCELLATION, DATE_OF_TRAVEL, SEATNO, CLASS, PID, PASSPORTNO)
VALUES(5890987441464,'AMD','SIN','10-AUG-2020','','12-OCT-2020','1A','FIRST-CLASS',4,'D1002004');

INSERT INTO TICKET1(TICKET_NUMBER, SOURCE, DESTINATION, DATE_OF_BOOKING, DATE_OF_CANCELLATION, DATE_OF_TRAVEL, SEATNO, CLASS, PID, PASSPORTNO)
VALUES(1577654664266,'DXB','SIN','13-JUN-2020','','10-SEP-2020','54E','ECONOMY',5,'X9324666');

INSERT INTO TICKET1(TICKET_NUMBER, SOURCE, DESTINATION, DATE_OF_BOOKING, DATE_OF_CANCELLATION, DATE_OF_TRAVEL, SEATNO, CLASS, PID, PASSPORTNO)
VALUES(2206543545545,'SFO','DEL','11-NOV-2020','','12-SEP-2020','43B','ECONOMY',6,'B8765430');

INSERT INTO TICKET1(TICKET_NUMBER, SOURCE, DESTINATION, DATE_OF_BOOKING, DATE_OF_CANCELLATION, DATE_OF_TRAVEL, SEATNO, CLASS, PID, PASSPORTNO)
VALUES(7064321779737,'LHR','DEL','15-NOV-2020','','25-DEC-2020','27B','FIRST-CLASS',7,'J9801235');

INSERT INTO TICKET1(TICKET_NUMBER, SOURCE, DESTINATION, DATE_OF_BOOKING, DATE_OF_CANCELLATION, DATE_OF_TRAVEL, SEATNO, CLASS, PID, PASSPORTNO)
VALUES(1571357215116,'DEL','IAH','15-OCT-2020','','18-DEC-2020','34E','ECONOMY',8,'A1122334');

INSERT INTO TICKET1(TICKET_NUMBER, SOURCE, DESTINATION, DATE_OF_BOOKING, DATE_OF_CANCELLATION, DATE_OF_TRAVEL, SEATNO, CLASS, PID, PASSPORTNO)
VALUES(1570864987655,'BOM','LHR','12-NOV-2020','','30-DEC-2020','54C','ECONOMY',9,'Q1243567');

INSERT INTO TICKET1(TICKET_NUMBER, SOURCE, DESTINATION, DATE_OF_BOOKING, DATE_OF_CANCELLATION, DATE_OF_TRAVEL, SEATNO, CLASS, PID, PASSPORTNO)
VALUES(1579283997799,'LHR','SDF','22-APR-2020','','15-DEC-2020','38A','ECONOMY',10,'S1243269');

INSERT INTO TICKET1(TICKET_NUMBER, SOURCE, DESTINATION, DATE_OF_BOOKING, DATE_OF_CANCELLATION, DATE_OF_TRAVEL, SEATNO, CLASS, PID, PASSPORTNO)
VALUES(1255701876107,'BDQ','BOM','19-OCT-2020','','31-DEC-2020','7F','ECONOMY',11,'E3277889');

INSERT INTO TICKET1(TICKET_NUMBER, SOURCE, DESTINATION, DATE_OF_BOOKING, DATE_OF_CANCELLATION, DATE_OF_TRAVEL, SEATNO, CLASS, PID, PASSPORTNO)
VALUES(1251334499699,'BOM','BDQ','20-NOV-2020','','12-JAN-2021','5D','ECONOMY',12,'K3212322');

INSERT INTO TICKET1(TICKET_NUMBER, SOURCE, DESTINATION, DATE_OF_BOOKING, DATE_OF_CANCELLATION, DATE_OF_TRAVEL, SEATNO, CLASS, PID, PASSPORTNO)
VALUES(1258776199490,'DEL','BDQ','13-MAY-2020','25-MAY-2020','01-DEC-2020','3C','ECONOMY',13,'P3452390');

INSERT INTO TICKET1(TICKET_NUMBER, SOURCE, DESTINATION, DATE_OF_BOOKING, DATE_OF_CANCELLATION, DATE_OF_TRAVEL, SEATNO, CLASS, PID, PASSPORTNO)
VALUES(5891155114477,'IXC','AMD','26-JUN-2020','','23-OCT-2020','5C','ECONOMY',14,'W7543336');

INSERT INTO TICKET1(TICKET_NUMBER, SOURCE, DESTINATION, DATE_OF_BOOKING, DATE_OF_CANCELLATION, DATE_OF_TRAVEL, SEATNO, CLASS, PID, PASSPORTNO)
VALUES(5893069766787,'AMD','BOM','11-AUG-2020','','21-JAN-2021','30F','ECONOMY',15,'R8990566');
-------------------------------------
INSERT INTO TICKET1(TICKET_NUMBER, SOURCE, DESTINATION, DATE_OF_BOOKING, DATE_OF_CANCELLATION, DATE_OF_TRAVEL, SEATNO, CLASS, PID, PASSPORTNO)
VALUES(0011234111122,'AMD','DEL','11-MAY-2020','','15-DEC-2020','2A','ECONOMY',16,'T8930566');

INSERT INTO TICKET1(TICKET_NUMBER, SOURCE, DESTINATION, DATE_OF_BOOKING, DATE_OF_CANCELLATION, DATE_OF_TRAVEL, SEATNO, CLASS, PID, PASSPORTNO)
VALUES(0011234117892,'DXB','DEL','11-MAY-2020','','15-NOV-2020','32A','BUSINESS',17,'N8850566');

INSERT INTO TICKET1(TICKET_NUMBER, SOURCE, DESTINATION, DATE_OF_BOOKING, DATE_OF_CANCELLATION, DATE_OF_TRAVEL, SEATNO, CLASS, PID, PASSPORTNO)
VALUES(0011234000122,'DEL','DXB','05-MAY-2020','','10-OCT-2020','32A','ECONOMY',17,'N8850566');

INSERT INTO TICKET1(TICKET_NUMBER, SOURCE, DESTINATION, DATE_OF_BOOKING, DATE_OF_CANCELLATION, DATE_OF_TRAVEL, SEATNO, CLASS, PID, PASSPORTNO)
VALUES(0011234771122,'DEL','AMD','06-MAY-2020','','16-SEP-2020','32A','BUSINESS',17,'N8850566');

INSERT INTO TICKET1(TICKET_NUMBER, SOURCE, DESTINATION, DATE_OF_BOOKING, DATE_OF_CANCELLATION, DATE_OF_TRAVEL, SEATNO, CLASS, PID, PASSPORTNO)
VALUES(8811234111122,'AUH','JFK','11-MAY-2020','','15-DEC-2020','32A','ECONOMY',18,'S5590566');

INSERT INTO TICKET1(TICKET_NUMBER, SOURCE, DESTINATION, DATE_OF_BOOKING, DATE_OF_CANCELLATION, DATE_OF_TRAVEL, SEATNO, CLASS, PID, PASSPORTNO)
VALUES(4551234111122,'BOM','AUH','17-MAY-2020','','5-DEC-2020','3B','FIRST-CLASS',19,'T3660566');

INSERT INTO TICKET1(TICKET_NUMBER, SOURCE, DESTINATION, DATE_OF_BOOKING, DATE_OF_CANCELLATION, DATE_OF_TRAVEL, SEATNO, CLASS, PID, PASSPORTNO)
VALUES(7781234111122,'BOM','FRA','21-MAY-2020','','5-AUG-2020','10A','BUSINESS',20,'N7540566');

INSERT INTO TICKET1(TICKET_NUMBER, SOURCE, DESTINATION, DATE_OF_BOOKING, DATE_OF_CANCELLATION, DATE_OF_TRAVEL, SEATNO, CLASS, PID, PASSPORTNO)
VALUES(0566134111122,'FRA','BOM','28-MAY-2020','','10-DEC-2020','3A','ECONOMY',20,'N7540566');

INSERT INTO TICKET1(TICKET_NUMBER, SOURCE, DESTINATION, DATE_OF_BOOKING, DATE_OF_CANCELLATION, DATE_OF_TRAVEL, SEATNO, CLASS, PID, PASSPORTNO)
VALUES(8871234111122,'BOM','DXB','28-MAY-2020','','15-JUL-2020','3A','BUSINESS',21,'N7401853');

INSERT INTO TICKET1(TICKET_NUMBER, SOURCE, DESTINATION, DATE_OF_BOOKING, DATE_OF_CANCELLATION, DATE_OF_TRAVEL, SEATNO, CLASS, PID, PASSPORTNO)
VALUES(0511234111125,'DXB','BOM','28-MAY-2020','','25-JUL-2020','5A','BUSINESS',21,'N7401853');


CREATE TABLE TICKET2
(DATE_OF_BOOKING DATE NOT NULL,
SOURCE VARCHAR(3) NOT NULL,
DESTINATION VARCHAR(3) NOT NULL,
CLASS VARCHAR2(15) NOT NULL,
PRICE INT,
PRIMARY KEY(DATE_OF_BOOKING, SOURCE, DESTINATION, CLASS));

-- INSERTING VALUES INTO TICKET2--
INSERT INTO TICKET2(DATE_OF_BOOKING, SOURCE, DESTINATION, CLASS, PRICE) 
VALUES('11-MAY-2020','IXC','DEL','ECONOMY',1500);

INSERT INTO TICKET2(DATE_OF_BOOKING, SOURCE, DESTINATION, CLASS, PRICE) 
VALUES('11-JUN-2020','DEL','BOM','ECONOMY',2400);

INSERT INTO TICKET2(DATE_OF_BOOKING, SOURCE, DESTINATION, CLASS, PRICE) 
VALUES('21-AUG-2020','DOH','DEL','BUSINESS',110000);

INSERT INTO TICKET2(DATE_OF_BOOKING, SOURCE, DESTINATION, CLASS, PRICE) 
VALUES('10-AUG-2020','AMD','SIN','FIRST-CLASS',200000);

INSERT INTO TICKET2(DATE_OF_BOOKING, SOURCE, DESTINATION, CLASS, PRICE) 
VALUES('13-JUN-2020','DXB','SIN','ECONOMY',48000);

INSERT INTO TICKET2(DATE_OF_BOOKING, SOURCE, DESTINATION, CLASS, PRICE) 
VALUES('11-NOV-2020','SFO','DEL','ECONOMY',125000);

INSERT INTO TICKET2(DATE_OF_BOOKING, SOURCE, DESTINATION, CLASS, PRICE) 
VALUES('15-NOV-2020','LHR','DEL','FIRST-CLASS',195000);

INSERT INTO TICKET2(DATE_OF_BOOKING, SOURCE, DESTINATION, CLASS, PRICE) 
VALUES('15-OCT-2020','DEL','IAH','ECONOMY',170000);

INSERT INTO TICKET2(DATE_OF_BOOKING, SOURCE, DESTINATION, CLASS, PRICE) 
VALUES('12-NOV-2020','BOM','LHR','ECONOMY',40000);

INSERT INTO TICKET2(DATE_OF_BOOKING, SOURCE, DESTINATION, CLASS, PRICE) 
VALUES('22-APR-2020','LHR','SDF','ECONOMY',65000);

INSERT INTO TICKET2(DATE_OF_BOOKING, SOURCE, DESTINATION, CLASS, PRICE) 
VALUES('19-OCT-2020','BDQ','BOM','ECONOMY',1800);

INSERT INTO TICKET2(DATE_OF_BOOKING, SOURCE, DESTINATION, CLASS, PRICE) 
VALUES('20-NOV-2020','BOM','BDQ','ECONOMY',1900);

INSERT INTO TICKET2(DATE_OF_BOOKING, SOURCE, DESTINATION, CLASS, PRICE) 
VALUES('13-MAY-2020','DEL','BDQ','ECONOMY',2500);

INSERT INTO TICKET2(DATE_OF_BOOKING, SOURCE, DESTINATION, CLASS, PRICE) 
VALUES('26-JUN-2020','IXC','AMD','ECONOMY',4500);

INSERT INTO TICKET2(DATE_OF_BOOKING, SOURCE, DESTINATION, CLASS, PRICE) 
VALUES('11-AUG-2020','AMD','BOM','ECONOMY',1700);
-------------------
INSERT INTO TICKET2(DATE_OF_BOOKING, SOURCE, DESTINATION, CLASS, PRICE) 
VALUES('11-MAY-2020','AMD','DEL','ECONOMY',2200);
INSERT INTO TICKET2(DATE_OF_BOOKING, SOURCE, DESTINATION, CLASS, PRICE) 
VALUES('11-MAY-2020','DXB','DEL','BUSINESS',78000);
INSERT INTO TICKET2(DATE_OF_BOOKING, SOURCE, DESTINATION, CLASS, PRICE) 
VALUES('05-MAY-2020','DEL','DXB','ECONOMY',13000);
INSERT INTO TICKET2(DATE_OF_BOOKING, SOURCE, DESTINATION, CLASS, PRICE) 
VALUES('06-MAY-2020','DEL','AMD','BUSINESS',16000);
INSERT INTO TICKET2(DATE_OF_BOOKING, SOURCE, DESTINATION, CLASS, PRICE) 
VALUES('11-MAY-2020','AUH','JFK','ECONOMY',71000);
INSERT INTO TICKET2(DATE_OF_BOOKING, SOURCE, DESTINATION, CLASS, PRICE) 
VALUES('17-MAY-2020','BOM','AUH','FIRST-CLASS',170000);
INSERT INTO TICKET2(DATE_OF_BOOKING, SOURCE, DESTINATION, CLASS, PRICE) 
VALUES('21-MAY-2020','BOM','FRA','BUSINESS',147000);
INSERT INTO TICKET2(DATE_OF_BOOKING, SOURCE, DESTINATION, CLASS, PRICE) 
VALUES('28-MAY-2020','FRA','BOM','ECONOMY',42000);
INSERT INTO TICKET2(DATE_OF_BOOKING, SOURCE, DESTINATION, CLASS, PRICE) 
VALUES('28-MAY-2020','BOM','DXB','BUSINESS',58000);
INSERT INTO TICKET2(DATE_OF_BOOKING, SOURCE, DESTINATION, CLASS, PRICE) 
VALUES('28-MAY-2020','DXB','BOM','BUSINESS',51000);

____________________________________________________________________________________________